{"cameraMode":{"drawMode":0,"name":"Shaded","section":"Shading Mode"},"sceneLighting":true,"audioPlay":false,"sceneViewState":{"showFog":true,"showMaterialUpdate":true,"showSkybox":true,"showFlares":true,"showImageEffects":true,"showParticleSystems":true},"in2DMode":false,"pivot":{"x":12.590625762939454,"y":11.86697769165039,"z":102.95281219482422},"rotation":{"x":-0.0814521461725235,"y":-0.7214436531066895,"z":0.08612937480211258,"w":-0.6822509765625},"size":65.54451751708985,"orthographic":false}